"Unemployment rate by London borough (2023 Q1 and 2024 Q1)","","",""
"","","",""
"Borough","2024 Q1","2023 Q1","Change"
"Camden","6.6","3.2","3.4"
"City of London",NA,NA,NA
"Hackney","4.1","5.2","-1.1"
"Hammersmith and Fulham","5.3","3.4","1.9"
"Haringey","4.8","4.8","0"
"Islington","5.8","3","2.8"
"Kensington and Chelsea","5.8","3.7","2.1"
"Lambeth","4.3","4","0.3"
"Lewisham","4.8","4.7","0.0999999999999996"
"Newham","4.9","5.3","-0.399999999999999"
"Southwark","4.1","4.6","-0.5"
"Tower Hamlets","6.5","4.2","2.3"
"Wandsworth","4.6","2.4","2.2"
"Westminster","5.7","3.1","2.6"
"Barking and Dagenham","7","4.8","2.2"
"Barnet","4.9","5.1","-0.199999999999999"
"Bexley","4.9","2.8","2.1"
"Brent","5.6","6.8","-1.2"
"Bromley","5.6","3.1","2.5"
"Croydon","4.7","5.4","-0.7"
"Ealing","4.4","5.3","-0.9"
"Enfield","5.2","5.8","-0.6"
"Greenwich","4.2","4.5","-0.3"
"Harrow","4.1","4.8","-0.7"
"Havering","4.2","3","1.2"
"Hillingdon","6.8","4","2.8"
"Hounslow","4.6","5.1","-0.5"
"Kingston upon Thames","5.4","2.3","3.1"
"Merton","4.5","3.2","1.3"
"Redbridge","5.3","4.8","0.5"
"Richmond upon Thames","5.5","2.7","2.8"
"Sutton","5.7","3.1","2.6"
"Waltham Forest","4.5","6","-1.5"
"London","5.1","4.3","0.8"
"","","",""
"Note: Data are based on annual October to September figures. Unemployment rate is the proportion of the working age economically active population.","","",""
"Data source: Model-based estimates of unemployment, via NOMIS, ONS","","",""
"Chart source: London's Poverty Profile 2024","","",""
"London's Poverty Profile is created by charitable funder Trust for London, and economic and public policy consultancy, WPI Economics","","",""
"http://www.trustforlondon.org.uk/data","","",""
"","","",""
